Continent:,Mean HDI
North America,0.7493478260869565
South America,0.7674999999999998
Europe,0.8778837209302326
Africa,0.5604255319148936
Asia,0.7391818181818182
Oceania,0.7058333333333332
